{
  "0": {
    "precision": 0.8688524590163934,
    "recall": 1.0,
    "f1-score": 0.9298245614035088,
    "support": 53.0
  },
  "1": {
    "precision": 0.9215686274509803,
    "recall": 0.8392857142857143,
    "f1-score": 0.8785046728971962,
    "support": 56.0
  },
  "2": {
    "precision": 0.9577464788732394,
    "recall": 0.9714285714285714,
    "f1-score": 0.9645390070921985,
    "support": 70.0
  },
  "3": {
    "precision": 0.9344262295081968,
    "recall": 0.9661016949152542,
    "f1-score": 0.95,
    "support": 59.0
  },
  "4": {
    "precision": 0.9841269841269841,
    "recall": 0.9538461538461539,
    "f1-score": 0.96875,
    "support": 65.0
  },
  "5": {
    "precision": 0.9245283018867925,
    "recall": 0.8909090909090909,
    "f1-score": 0.9074074074074074,
    "support": 55.0
  },
  "6": {
    "precision": 0.9464285714285714,
    "recall": 0.9137931034482759,
    "f1-score": 0.9298245614035088,
    "support": 58.0
  },
  "accuracy": 0.9350961538461539,
  "macro avg": {
    "precision": 0.9339539503273082,
    "recall": 0.9336234755475801,
    "f1-score": 0.9326928871719743,
    "support": 416.0
  },
  "weighted avg": {
    "precision": 0.9363956544281702,
    "recall": 0.9350961538461539,
    "f1-score": 0.9347372016872446,
    "support": 416.0
  }
}