{
  "0": {
    "precision": 0.8548387096774194,
    "recall": 1.0,
    "f1-score": 0.9217391304347826,
    "support": 53.0
  },
  "1": {
    "precision": 0.9574468085106383,
    "recall": 0.8035714285714286,
    "f1-score": 0.8737864077669902,
    "support": 56.0
  },
  "2": {
    "precision": 0.9571428571428572,
    "recall": 0.9571428571428572,
    "f1-score": 0.9571428571428572,
    "support": 70.0
  },
  "3": {
    "precision": 0.9322033898305084,
    "recall": 0.9322033898305084,
    "f1-score": 0.9322033898305084,
    "support": 59.0
  },
  "4": {
    "precision": 0.9538461538461539,
    "recall": 0.9538461538461539,
    "f1-score": 0.9538461538461539,
    "support": 65.0
  },
  "5": {
    "precision": 0.8983050847457628,
    "recall": 0.9636363636363636,
    "f1-score": 0.9298245614035088,
    "support": 55.0
  },
  "6": {
    "precision": 0.9629629629629629,
    "recall": 0.896551724137931,
    "f1-score": 0.9285714285714286,
    "support": 58.0
  },
  "accuracy": 0.9302884615384616,
  "macro avg": {
    "precision": 0.9309637095309004,
    "recall": 0.9295645595950346,
    "f1-score": 0.9281591327137472,
    "support": 416.0
  },
  "weighted avg": {
    "precision": 0.9331300586595379,
    "recall": 0.9302884615384616,
    "f1-score": 0.9297637175056029,
    "support": 416.0
  }
}