{
  "0": {
    "precision": 0.8153846153846154,
    "recall": 1.0,
    "f1-score": 0.8983050847457628,
    "support": 53.0
  },
  "1": {
    "precision": 0.9545454545454546,
    "recall": 0.75,
    "f1-score": 0.84,
    "support": 56.0
  },
  "2": {
    "precision": 0.9571428571428572,
    "recall": 0.9571428571428572,
    "f1-score": 0.9571428571428572,
    "support": 70.0
  },
  "3": {
    "precision": 0.9344262295081968,
    "recall": 0.9661016949152542,
    "f1-score": 0.95,
    "support": 59.0
  },
  "4": {
    "precision": 0.9841269841269841,
    "recall": 0.9538461538461539,
    "f1-score": 0.96875,
    "support": 65.0
  },
  "5": {
    "precision": 0.9122807017543859,
    "recall": 0.9454545454545454,
    "f1-score": 0.9285714285714286,
    "support": 55.0
  },
  "6": {
    "precision": 0.9464285714285714,
    "recall": 0.9137931034482759,
    "f1-score": 0.9298245614035088,
    "support": 58.0
  },
  "accuracy": 0.9278846153846154,
  "macro avg": {
    "precision": 0.9291907734130093,
    "recall": 0.9266197649724409,
    "f1-score": 0.9246562759805083,
    "support": 416.0
  },
  "weighted avg": {
    "precision": 0.9323019887464329,
    "recall": 0.9278846153846154,
    "f1-score": 0.9270917611162439,
    "support": 416.0
  }
}