{
  "0": {
    "precision": 0.726027397260274,
    "recall": 1.0,
    "f1-score": 0.8412698412698413,
    "support": 53.0
  },
  "1": {
    "precision": 0.8947368421052632,
    "recall": 0.6071428571428571,
    "f1-score": 0.723404255319149,
    "support": 56.0
  },
  "2": {
    "precision": 0.9565217391304348,
    "recall": 0.9428571428571428,
    "f1-score": 0.9496402877697842,
    "support": 70.0
  },
  "3": {
    "precision": 0.9344262295081968,
    "recall": 0.9661016949152542,
    "f1-score": 0.95,
    "support": 59.0
  },
  "4": {
    "precision": 0.9841269841269841,
    "recall": 0.9538461538461539,
    "f1-score": 0.96875,
    "support": 65.0
  },
  "5": {
    "precision": 0.9107142857142857,
    "recall": 0.9272727272727272,
    "f1-score": 0.918918918918919,
    "support": 55.0
  },
  "6": {
    "precision": 0.9464285714285714,
    "recall": 0.9137931034482759,
    "f1-score": 0.9298245614035088,
    "support": 58.0
  },
  "accuracy": 0.9038461538461539,
  "macro avg": {
    "precision": 0.9075688641820013,
    "recall": 0.9015733827832015,
    "f1-score": 0.897401123525886,
    "support": 416.0
  },
  "weighted avg": {
    "precision": 0.912554762784135,
    "recall": 0.9038461538461539,
    "f1-score": 0.9015910459879877,
    "support": 416.0
  }
}