{
  "0": {
    "precision": 0.8548387096774194,
    "recall": 1.0,
    "f1-score": 0.9217391304347826,
    "support": 53.0
  },
  "1": {
    "precision": 0.9777777777777777,
    "recall": 0.7857142857142857,
    "f1-score": 0.8712871287128713,
    "support": 56.0
  },
  "2": {
    "precision": 0.9571428571428572,
    "recall": 0.9571428571428572,
    "f1-score": 0.9571428571428572,
    "support": 70.0
  },
  "3": {
    "precision": 0.9344262295081968,
    "recall": 0.9661016949152542,
    "f1-score": 0.95,
    "support": 59.0
  },
  "4": {
    "precision": 0.9841269841269841,
    "recall": 0.9538461538461539,
    "f1-score": 0.96875,
    "support": 65.0
  },
  "5": {
    "precision": 0.8833333333333333,
    "recall": 0.9636363636363636,
    "f1-score": 0.9217391304347826,
    "support": 55.0
  },
  "6": {
    "precision": 0.9454545454545454,
    "recall": 0.896551724137931,
    "f1-score": 0.9203539823008849,
    "support": 58.0
  },
  "accuracy": 0.9326923076923077,
  "macro avg": {
    "precision": 0.9338714910030161,
    "recall": 0.9318561541989779,
    "f1-score": 0.9301446041465969,
    "support": 416.0
  },
  "weighted avg": {
    "precision": 0.9364930424216185,
    "recall": 0.9326923076923077,
    "f1-score": 0.9320653516065593,
    "support": 416.0
  }
}