{
  "0": {
    "precision": 0.8688524590163934,
    "recall": 1.0,
    "f1-score": 0.9298245614035088,
    "support": 53.0
  },
  "1": {
    "precision": 0.9387755102040817,
    "recall": 0.8214285714285714,
    "f1-score": 0.8761904761904762,
    "support": 56.0
  },
  "2": {
    "precision": 0.9571428571428572,
    "recall": 0.9571428571428572,
    "f1-score": 0.9571428571428572,
    "support": 70.0
  },
  "3": {
    "precision": 0.9344262295081968,
    "recall": 0.9661016949152542,
    "f1-score": 0.95,
    "support": 59.0
  },
  "4": {
    "precision": 0.9841269841269841,
    "recall": 0.9538461538461539,
    "f1-score": 0.96875,
    "support": 65.0
  },
  "5": {
    "precision": 0.8947368421052632,
    "recall": 0.9272727272727272,
    "f1-score": 0.9107142857142857,
    "support": 55.0
  },
  "6": {
    "precision": 0.9454545454545454,
    "recall": 0.896551724137931,
    "f1-score": 0.9203539823008849,
    "support": 58.0
  },
  "accuracy": 0.9326923076923077,
  "macro avg": {
    "precision": 0.9319307753654744,
    "recall": 0.9317633898204993,
    "f1-score": 0.9304251661074303,
    "support": 416.0
  },
  "weighted avg": {
    "precision": 0.9345358181747311,
    "recall": 0.9326923076923077,
    "f1-score": 0.9322979209345907,
    "support": 416.0
  }
}