{
  "rows": 416,
  "classes": 7,
  "accuracy": 0.9326923076923077,
  "precision": 0.9345358181747311,
  "recall": 0.9326923076923077,
  "f1": 0.9322979209345907,
  "precision_macro": 0.9319307753654744,
  "recall_macro": 0.9317633898204993,
  "f1_macro": 0.9304251661074303
}