{
  "rows": 416,
  "classes": 7,
  "accuracy": 0.9038461538461539,
  "precision": 0.912554762784135,
  "recall": 0.9038461538461539,
  "f1": 0.9015910459879877,
  "precision_macro": 0.9075688641820013,
  "recall_macro": 0.9015733827832015,
  "f1_macro": 0.897401123525886
}