{
  "rows": 416,
  "classes": 7,
  "accuracy": 0.9278846153846154,
  "precision": 0.9323019887464329,
  "recall": 0.9278846153846154,
  "f1": 0.9270917611162439,
  "precision_macro": 0.9291907734130093,
  "recall_macro": 0.9266197649724409,
  "f1_macro": 0.9246562759805083
}