{
  "rows": 416,
  "classes": 7,
  "accuracy": 0.9350961538461539,
  "precision": 0.9363956544281702,
  "recall": 0.9350961538461539,
  "f1": 0.9347372016872446,
  "precision_macro": 0.9339539503273082,
  "recall_macro": 0.9336234755475801,
  "f1_macro": 0.9326928871719743
}