{
  "rows": 1462,
  "classes": 7,
  "accuracy": 0.9322845417236663,
  "precision": 0.9354187656593432,
  "recall": 0.9322845417236663,
  "f1": 0.9317835529205883,
  "precision_macro": 0.932975066482584,
  "recall_macro": 0.9317369945829845,
  "f1_macro": 0.930179252132325
}