{
  "rows": 1462,
  "classes": 7,
  "accuracy": 0.9363885088919288,
  "precision": 0.9391952808823746,
  "recall": 0.9363885088919288,
  "f1": 0.9360888725660147,
  "precision_macro": 0.9371138784885341,
  "recall_macro": 0.9361618193941245,
  "f1_macro": 0.9348404207751468
}