{
  "rows": 1462,
  "classes": 7,
  "accuracy": 0.9254445964432284,
  "precision": 0.9309259964824118,
  "recall": 0.9254445964432284,
  "f1": 0.9245341410836742,
  "precision_macro": 0.9277701711346206,
  "recall_macro": 0.9246219151531863,
  "f1_macro": 0.9223208664481088
}