{
  "accuracy": [
    0.16949152946472168,
    0.22760289907455444,
    0.2506053149700165,
    0.27481839060783386,
    0.30387410521507263,
    0.32324454188346863,
    0.3644067943096161,
    0.38014528155326843,
    0.42493945360183716,
    0.4406779706478119,
    0.4092009663581848,
    0.4539951682090759,
    0.4661017060279846,
    0.5048426389694214,
    0.5230024456977844,
    0.5024213194847107,
    0.519370436668396,
    0.5823244452476501,
    0.5423728823661804,
    0.5556900501251221,
    0.5750605463981628,
    0.5859563946723938,
    0.6004842519760132,
    0.6222760081291199,
    0.6029055714607239,
    0.5968523025512695,
    0.6029055714607239,
    0.6113801598548889,
    0.6271186470985413,
    0.5980629324913025,
    0.63922518491745,
    0.6416465044021606,
    0.6682808995246887,
    0.6840193867683411,
    0.665859580039978,
    0.6876513361930847,
    0.675544798374176,
    0.6937046051025391,
    0.6803874373435974,
    0.6961259245872498,
    0.6924939751625061,
    0.685230016708374,
    0.7106537818908691,
    0.7227603197097778,
    0.6997578740119934,
    0.7094430923461914,
    0.7336561679840088,
    0.7251815795898438,
    0.7154963612556458,
    0.7191283106803894,
    0.7566586136817932,
    0.7772396802902222,
    0.7372881174087524,
    0.7312348484992981,
    0.7227603197097778,
    0.7506053447723389,
    0.7312348484992981,
    0.7590798735618591,
    0.7433413863182068,
    0.7506053447723389,
    0.7554479241371155,
    0.7554479241371155,
    0.7941888570785522,
    0.7711864113807678,
    0.7796609997749329,
    0.7796609997749329,
    0.7590798735618591,
    0.7736077308654785,
    0.8002421259880066,
    0.7675544619560242,
    0.7808716893196106,
    0.7905569076538086,
    0.7905569076538086,
    0.7881355881690979,
    0.7941888570785522,
    0.7857142686843872,
    0.7966101765632629,
    0.7857142686843872,
    0.8026634454727173,
    0.7857142686843872,
    0.7772396802902222,
    0.7772396802902222,
    0.7820823192596436,
    0.805084764957428,
    0.8075060248374939,
    0.7905569076538086,
    0.7566586136817932,
    0.7978208065032959,
    0.7966101765632629,
    0.7905569076538086,
    0.8014527559280396,
    0.7990314960479736,
    0.8220338821411133,
    0.7941888570785522,
    0.8135592937469482,
    0.7941888570785522,
    0.8268765211105347,
    0.7941888570785522,
    0.8062953948974609,
    0.8135592937469482,
    0.7917675375938416,
    0.8171913027763367
  ],
  "loss": [
    1.9450807571411133,
    1.8960400819778442,
    1.849138855934143,
    1.8062360286712646,
    1.7539937496185303,
    1.6839045286178589,
    1.623779535293579,
    1.5521135330200195,
    1.4860624074935913,
    1.4284394979476929,
    1.394415259361267,
    1.337902307510376,
    1.274893045425415,
    1.2183961868286133,
    1.1501646041870117,
    1.1553722620010376,
    1.0971587896347046,
    1.061187744140625,
    1.057233214378357,
    1.0363423824310303,
    0.9860120415687561,
    0.953539252281189,
    0.9652947783470154,
    0.9305321574211121,
    0.9109531044960022,
    0.913494884967804,
    0.9253165125846863,
    0.885797917842865,
    0.8821913599967957,
    0.8777955174446106,
    0.8652029037475586,
    0.8416831493377686,
    0.8013139367103577,
    0.7888204455375671,
    0.7858676910400391,
    0.7645784616470337,
    0.7719051241874695,
    0.7701781988143921,
    0.7475497722625732,
    0.7547160387039185,
    0.7310806512832642,
    0.7450522184371948,
    0.730923056602478,
    0.7212643623352051,
    0.7234715223312378,
    0.6856856942176819,
    0.6634088754653931,
    0.6554769277572632,
    0.6638765931129456,
    0.6691351532936096,
    0.6456385850906372,
    0.6210145354270935,
    0.6530961394309998,
    0.6520044207572937,
    0.655330240726471,
    0.6388564705848694,
    0.6360463500022888,
    0.6226634979248047,
    0.6378827691078186,
    0.6174057126045227,
    0.5969310402870178,
    0.612452507019043,
    0.5645529627799988,
    0.5823741555213928,
    0.59617018699646,
    0.586609959602356,
    0.6099373698234558,
    0.5743133425712585,
    0.5531915426254272,
    0.5801524519920349,
    0.5620657801628113,
    0.5531205534934998,
    0.5452966690063477,
    0.5420454144477844,
    0.5540053844451904,
    0.5519782304763794,
    0.538057804107666,
    0.5380929708480835,
    0.5300036668777466,
    0.5343305468559265,
    0.546451210975647,
    0.5565184354782104,
    0.548552930355072,
    0.5201988816261292,
    0.5181463360786438,
    0.5715764760971069,
    0.575844407081604,
    0.5238158702850342,
    0.5036330223083496,
    0.5174304246902466,
    0.5305858254432678,
    0.5004384517669678,
    0.4762996733188629,
    0.509168803691864,
    0.5094952583312988,
    0.5052404403686523,
    0.4851781725883484,
    0.51325923204422,
    0.5049329400062561,
    0.49761050939559937,
    0.5068405866622925,
    0.5120024085044861
  ],
  "val_accuracy": [
    0.3396226465702057,
    0.3679245412349701,
    0.37106919288635254,
    0.3805031478404999,
    0.40723270177841187,
    0.4229559600353241,
    0.46855345368385315,
    0.49528300762176514,
    0.5345911979675293,
    0.5581761002540588,
    0.597484290599823,
    0.6367924809455872,
    0.7358490824699402,
    0.7720125913619995,
    0.7908805012702942,
    0.7452830076217651,
    0.7814465165138245,
    0.7641509175300598,
    0.7688679099082947,
    0.7987421154975891,
    0.8128930926322937,
    0.8254716992378235,
    0.8301886916160583,
    0.8160377144813538,
    0.8113207817077637,
    0.8553459048271179,
    0.8301886916160583,
    0.8160377144813538,
    0.8223270177841187,
    0.8459119200706482,
    0.8254716992378235,
    0.8301886916160583,
    0.8506289124488831,
    0.8616352081298828,
    0.8584905862808228,
    0.8553459048271179,
    0.856918215751648,
    0.8522012829780579,
    0.8537735939025879,
    0.849056601524353,
    0.8632075190544128,
    0.8632075190544128,
    0.8600628972053528,
    0.8616352081298828,
    0.8616352081298828,
    0.8679245114326477,
    0.8726415038108826,
    0.8710691928863525,
    0.8757861852645874,
    0.8757861852645874,
    0.8789308071136475,
    0.8883647918701172,
    0.8805031180381775,
    0.8773584961891174,
    0.8726415038108826,
    0.8694968819618225,
    0.8899371027946472,
    0.8852201104164124,
    0.8836477994918823,
    0.8805031180381775,
    0.8742138147354126,
    0.8852201104164124,
    0.8852201104164124,
    0.8899371027946472,
    0.893081784248352,
    0.8899371027946472,
    0.8915094137191772,
    0.893081784248352,
    0.8899371027946472,
    0.8867924809455872,
    0.8915094137191772,
    0.8852201104164124,
    0.8946540951728821,
    0.8915094137191772,
    0.8915094137191772,
    0.8899371027946472,
    0.902515709400177,
    0.902515709400177,
    0.902515709400177,
    0.8962264060974121,
    0.900943398475647,
    0.9040880799293518,
    0.8993710875511169,
    0.8993710875511169,
    0.8993710875511169,
    0.9040880799293518,
    0.8993710875511169,
    0.8852201104164124,
    0.8977987170219421,
    0.9088050127029419,
    0.8993710875511169,
    0.9056603908538818,
    0.900943398475647,
    0.9088050127029419,
    0.9103773832321167,
    0.9072327017784119,
    0.9135220050811768,
    0.9040880799293518,
    0.9103773832321167,
    0.9088050127029419,
    0.902515709400177,
    0.9072327017784119
  ],