{
  "accuracy": [
    0.19128328561782837,
    0.2808716595172882,
    0.3123486638069153,
    0.3305084705352783,
    0.3571428656578064,
    0.37772396206855774,
    0.4067796468734741,
    0.43220338225364685,
    0.46125906705856323,
    0.508474588394165,
    0.509685218334198,
    0.5411622524261475,
    0.5302663445472717,
    0.5653753280639648,
    0.6234866976737976,
    0.6016949415206909,
    0.6125907897949219,
    0.6150121092796326,
    0.6404358148574829,
    0.6428571343421936,
    0.6525423526763916,
    0.6743341684341431,
    0.6791767477989197,
    0.7094430923461914,
    0.6961259245872498,
    0.7094430923461914,
    0.6779661178588867,
    0.7094430923461914,
    0.6900726556777954,
    0.7021791934967041,
    0.7360774874687195,
    0.7203390002250671,
    0.7433413863182068,
    0.7409201264381409,
    0.7360774874687195,
    0.7397094368934631,
    0.7397094368934631,
    0.7530266046524048,
    0.7687651515007019,
    0.7481840252876282,
    0.7711864113807678,
    0.7699757814407349,
    0.7663438320159912,
    0.7832929491996765,
    0.7723971009254456,
    0.8087167143821716,
    0.8196125626564026,
    0.7760290503501892,
    0.7905569076538086,
    0.8111380338668823,
    0.8135592937469482,
    0.8099273443222046,
    0.7941888570785522,
    0.8123486638069153,
    0.8196125626564026,
    0.7881355881690979,
    0.7966101765632629,
    0.8171913027763367,
    0.8111380338668823,
    0.8002421259880066,
    0.8075060248374939,
    0.8305084705352783,
    0.8389830589294434,
    0.8208232522010803,
    0.8292978405952454,
    0.823244571685791,
    0.8208232522010803,
    0.834140419960022,
    0.8208232522010803,
    0.8292978405952454,
    0.8256658315658569,
    0.8280871510505676,
    0.852300226688385,
    0.8389830589294434,
    0.8365617394447327,
    0.861985445022583,
    0.8559321761131287,
    0.8365617394447327,
    0.8486682772636414,
    0.8559321761131287,
    0.8292978405952454,
    0.834140419960022,
    0.8583534955978394,
    0.852300226688385,
    0.8631961345672607,
    0.8559321761131287,
    0.8389830589294434,
    0.8559321761131287,
    0.842615008354187,
    0.861985445022583,
    0.8644067645072937,
    0.8631961345672607,
    0.8777239918708801,
    0.8631961345672607,
    0.8474576473236084,
    0.841404378414154,
    0.86077481508255,
    0.8559321761131287,
    0.8547215461730957,
    0.8692494034767151
  ],
  "loss": [
    1.923852562904358,
    1.8712409734725952,
    1.805460810661316,
    1.7462010383605957,
    1.664017677307129,
    1.5846574306488037,
    1.5020737648010254,
    1.4148985147476196,
    1.3290071487426758,
    1.239862084388733,
    1.1950651407241821,
    1.1110479831695557,
    1.0849223136901855,
    1.032082438468933,
    0.9553953409194946,
    0.940172553062439,
    0.9249788522720337,
    0.8879672288894653,
    0.851955771446228,
    0.8745480179786682,
    0.8243146538734436,
    0.780342698097229,
    0.7958078980445862,
    0.7483282089233398,
    0.7656119465827942,
    0.7307753562927246,
    0.7512739300727844,
    0.7198324799537659,
    0.7187274098396301,
    0.7086067795753479,
    0.6845521926879883,
    0.6829632520675659,
    0.6446588039398193,
    0.6569247841835022,
    0.6618840098381042,
    0.633194088935852,
    0.627203106880188,
    0.6331883668899536,
    0.5776549577713013,
    0.6063324809074402,
    0.5895792245864868,
    0.5924816131591797,
    0.5798240303993225,
    0.5684237480163574,
    0.5608473420143127,
    0.5268610715866089,
    0.5323179960250854,
    0.5309023261070251,
    0.5337115526199341,
    0.5082205533981323,
    0.5185689330101013,
    0.5076390504837036,
    0.5155182480812073,
    0.5015878081321716,
    0.4812694191932678,
    0.5470965504646301,
    0.5068576335906982,
    0.49092620611190796,
    0.5216255187988281,
    0.49645334482192993,
    0.47685506939888,
    0.46509647369384766,
    0.4418722093105316,
    0.48165789246559143,
    0.46200576424598694,
    0.45285359025001526,
    0.4752723276615143,
    0.4430251121520996,
    0.44802743196487427,
    0.46137818694114685,
    0.4475316107273102,
    0.4520936906337738,
    0.41800200939178467,
    0.4303923547267914,
    0.44323495030403137,
    0.4236525297164917,
    0.4121610224246979,
    0.4308251440525055,
    0.4025253653526306,
    0.4110611379146576,
    0.458724707365036,
    0.41373345255851746,
    0.40944740176200867,
    0.4140181243419647,
    0.3939369320869446,
    0.4122433662414551,
    0.4336475431919098,
    0.41747403144836426,
    0.4126195013523102,
    0.39133894443511963,
    0.4020234942436218,
    0.37006789445877075,
    0.36755865812301636,
    0.3851848542690277,
    0.40401339530944824,
    0.3848194479942322,
    0.3770703971385956,
    0.410051167011261,
    0.40191128849983215,
    0.37147271633148193
  ],
  "val_accuracy": [
    0.3207547068595886,
    0.3616352081298828,
    0.38679245114326477,
    0.40566039085388184,
    0.4245283007621765,
    0.4575471580028534,
    0.5141509175300598,
    0.5235849022865295,
    0.5471698045730591,
    0.6666666865348816,
    0.75157231092453,
    0.7688679099082947,
    0.8144654035568237,
    0.8459119200706482,
    0.7924528121948242,
    0.7845911979675293,
    0.8286163806915283,
    0.8081761002540588,
    0.8066037893295288,
    0.8333333134651184,
    0.8238993883132935,
    0.8427672982215881,
    0.8506289124488831,
    0.8396226167678833,
    0.8537735939025879,
    0.8537735939025879,
    0.8427672982215881,
    0.8506289124488831,
    0.8522012829780579,
    0.8600628972053528,
    0.8396226167678833,
    0.8537735939025879,
    0.8584905862808228,
    0.8600628972053528,
    0.8632075190544128,
    0.8679245114326477,
    0.8647798895835876,
    0.8805031180381775,
    0.8726415038108826,
    0.8757861852645874,
    0.8710691928863525,
    0.8789308071136475,
    0.8915094137191772,
    0.8836477994918823,
    0.8867924809455872,
    0.8820754885673523,
    0.8836477994918823,
    0.8899371027946472,
    0.8789308071136475,
    0.8820754885673523,
    0.8915094137191772,
    0.8977987170219421,
    0.8977987170219421,
    0.8962264060974121,
    0.8946540951728821,
    0.8899371027946472,
    0.9040880799293518,
    0.900943398475647,
    0.902515709400177,
    0.900943398475647,
    0.8993710875511169,
    0.8946540951728821,
    0.8993710875511169,
    0.900943398475647,
    0.8962264060974121,
    0.9040880799293518,
    0.900943398475647,
    0.8993710875511169,
    0.900943398475647,
    0.9072327017784119,
    0.9056603908538818,
    0.8962264060974121,
    0.9040880799293518,
    0.8977987170219421,
    0.8962264060974121,
    0.900943398475647,
    0.9072327017784119,
    0.9088050127029419,
    0.9056603908538818,
    0.9150943160057068,
    0.9150943160057068,
    0.9088050127029419,
    0.9150943160057068,
    0.9150943160057068,
    0.9166666865348816,
    0.9119496941566467,
    0.9056603908538818,
    0.9103773832321167,
    0.9072327017784119,
    0.9166666865348816,
    0.9103773832321167,
    0.9103773832321167,
    0.9119496941566467,
    0.9119496941566467,
    0.9135220050811768,
    0.9150943160057068,
    0.9103773832321167,
    0.9166666865348816,
    0.9150943160057068,
    0.9150943160057068
  ],