{
  "rows": 1462,
  "classes": 7,
  "accuracy": 0.9411764705882353,
  "precision": 0.9435455765272561,
  "recall": 0.9411764705882353,
  "f1": 0.9410850951532969,
  "precision_macro": 0.9417160001580618,
  "recall_macro": 0.9409944150624446,
  "f1_macro": 0.940017418949415
}