{
  "accuracy": [
    0.20823244750499725,
    0.3026634454727173,
    0.30871671438217163,
    0.3498789370059967,
    0.37530267238616943,
    0.39346247911453247,
    0.42736077308654785,
    0.4685229957103729,
    0.508474588394165,
    0.5351089835166931,
    0.5290557146072388,
    0.5786924958229065,
    0.5690072774887085,
    0.6065375208854675,
    0.6416465044021606,
    0.6355932354927063,
    0.6513317227363586,
    0.6610169410705566,
    0.6731234788894653,
    0.676755428314209,
    0.685230016708374,
    0.6961259245872498,
    0.7215496301651001,
    0.7360774874687195,
    0.7130750417709351,
    0.7312348484992981,
    0.7179176807403564,
    0.7300242185592651,
    0.7445520758628845,
    0.7384988069534302,
    0.7627118825912476,
    0.7360774874687195,
    0.7566586136817932,
    0.7602905631065369,
    0.7590798735618591,
    0.7711864113807678,
    0.7627118825912476,
    0.7493946552276611,
    0.7711864113807678,
    0.7736077308654785,
    0.7953994870185852,
    0.7857142686843872,
    0.7796609997749329,
    0.8014527559280396,
    0.7881355881690979,
    0.8111380338668823,
    0.8184019327163696,
    0.7966101765632629,
    0.8075060248374939,
    0.8123486638069153,
    0.8292978405952454,
    0.8062953948974609,
    0.8220338821411133,
    0.8038740754127502,
    0.8292978405952454,
    0.8026634454727173,
    0.8135592937469482,
    0.8099273443222046,
    0.8159806132316589,
    0.8123486638069153,
    0.8159806132316589,
    0.842615008354187,
    0.8462469577789307,
    0.8462469577789307,
    0.852300226688385,
    0.832929790019989,
    0.832929790019989,
    0.8305084705352783,
    0.8353511095046997,
    0.8317191004753113,
    0.832929790019989,
    0.8365617394447327,
    0.8547215461730957,
    0.8401936888694763,
    0.8450363278388977,
    0.8583534955978394,
    0.8547215461730957,
    0.842615008354187,
    0.8644067645072937,
    0.8631961345672607,
    0.8292978405952454,
    0.8498789072036743,
    0.8583534955978394,
    0.8498789072036743,
    0.86077481508255,
    0.8631961345672607,
    0.8377723693847656,
    0.86077481508255,
    0.8498789072036743,
    0.8668280839920044,
    0.8631961345672607,
    0.870460033416748,
    0.8777239918708801,
    0.8692494034767151,
    0.8498789072036743,
    0.8680387139320374,
    0.8753026723861694,
    0.8583534955978394,
    0.8692494034767151,
    0.8716707229614258,
    0.861985445022583,
    0.880145251750946,
    0.8547215461730957
  ],
  "loss": [
    1.922612190246582,
    1.8643162250518799,
    1.8040292263031006,
    1.738890528678894,
    1.6460933685302734,
    1.5568032264709473,
    1.4630966186523438,
    1.3568047285079956,
    1.2611995935440063,
    1.182631254196167,
    1.1336368322372437,
    1.06143319606781,
    1.0366883277893066,
    0.9662538170814514,
    0.9096266627311707,
    0.8770549297332764,
    0.8815233111381531,
    0.8372319340705872,
    0.7913603782653809,
    0.8092947006225586,
    0.7648118138313293,
    0.7271456718444824,
    0.7332184314727783,
    0.6908004283905029,
    0.7209616899490356,
    0.6896829009056091,
    0.6932640075683594,
    0.6645165681838989,
    0.6681268811225891,
    0.6449374556541443,
    0.6363906860351562,
    0.6475731134414673,
    0.6171168088912964,
    0.6109775900840759,
    0.6157877445220947,
    0.5952922701835632,
    0.5775766372680664,
    0.5986670851707458,
    0.562132716178894,
    0.5589790344238281,
    0.5362571477890015,
    0.5536400079727173,
    0.553058385848999,
    0.5292934775352478,
    0.5231785774230957,
    0.5036737322807312,
    0.4955563545227051,
    0.49968138337135315,
    0.5082570910453796,
    0.4944344460964203,
    0.4958046078681946,
    0.47438687086105347,
    0.4908694922924042,
    0.4939902424812317,
    0.453270822763443,
    0.5185552835464478,
    0.4957383871078491,
    0.4743834435939789,
    0.49403899908065796,
    0.48900145292282104,
    0.4662352204322815,
    0.4382728636264801,
    0.42484012246131897,
    0.44360679388046265,
    0.4342958629131317,
    0.43646857142448425,
    0.4426324665546417,
    0.42909467220306396,
    0.42289215326309204,
    0.4405803680419922,
    0.4361547529697418,
    0.4431084990501404,
    0.40143007040023804,
    0.42409709095954895,
    0.4119042754173279,
    0.4036644697189331,
    0.40420177578926086,
    0.39666518568992615,
    0.3863911032676697,
    0.37303993105888367,
    0.4459451735019684,
    0.38904446363449097,
    0.3962858319282532,
    0.384231835603714,
    0.37891900539398193,
    0.38770148158073425,
    0.41917023062705994,
    0.38620346784591675,
    0.3850111663341522,
    0.3626169264316559,
    0.3741472065448761,
    0.3539550006389618,
    0.34913840889930725,
    0.3528153896331787,
    0.3765038251876831,
    0.3533681035041809,
    0.35891902446746826,
    0.38935837149620056,
    0.3654423952102661,
    0.347583144903183,
    0.38255417346954346,
    0.3632625639438629,
    0.3998425304889679
  ],
  "val_accuracy": [
    0.32861635088920593,
    0.3663522005081177,
    0.402515709400177,
    0.4245283007621765,
    0.42767295241355896,
    0.47012579441070557,
    0.5267295837402344,
    0.5628930926322937,
    0.6273584961891174,
    0.7295597195625305,
    0.75,
    0.7814465165138245,
    0.8066037893295288,
    0.8176100850105286,
    0.8081761002540588,
    0.805031418800354,
    0.8191823959350586,
    0.8238993883132935,
    0.8301886916160583,
    0.8459119200706482,
    0.8380503058433533,
    0.8427672982215881,
    0.8584905862808228,
    0.8443396091461182,
    0.8553459048271179,
    0.8679245114326477,
    0.8537735939025879,
    0.8710691928863525,
    0.8663522005081177,
    0.8647798895835876,
    0.8632075190544128,
    0.8710691928863525,
    0.8679245114326477,
    0.8663522005081177,
    0.8694968819618225,
    0.8694968819618225,
    0.8726415038108826,
    0.8663522005081177,
    0.8710691928863525,
    0.8726415038108826,
    0.8742138147354126,
    0.8757861852645874,
    0.8757861852645874,
    0.8757861852645874,
    0.8726415038108826,
    0.8773584961891174,
    0.8852201104164124,
    0.8867924809455872,
    0.8883647918701172,
    0.8883647918701172,
    0.8852201104164124,
    0.8977987170219421,
    0.893081784248352,
    0.902515709400177,
    0.8883647918701172,
    0.8946540951728821,
    0.8946540951728821,
    0.8946540951728821,
    0.902515709400177,
    0.900943398475647,
    0.8962264060974121,
    0.902515709400177,
    0.9040880799293518,
    0.902515709400177,
    0.8993710875511169,
    0.9040880799293518,
    0.9072327017784119,
    0.9088050127029419,
    0.9088050127029419,
    0.9040880799293518,
    0.8993710875511169,
    0.8977987170219421,
    0.9040880799293518,
    0.900943398475647,
    0.9072327017784119,
    0.9119496941566467,
    0.9040880799293518,
    0.9072327017784119,
    0.9213836193084717,
    0.9166666865348816,
    0.9198113083839417,
    0.9135220050811768,
    0.9119496941566467,
    0.9150943160057068,
    0.9182389974594116,
    0.9150943160057068,
    0.9182389974594116,
    0.9119496941566467,
    0.9213836193084717,
    0.9150943160057068,
    0.9135220050811768,
    0.9103773832321167,
    0.9135220050811768,
    0.9119496941566467,
    0.9150943160057068,
    0.9166666865348816,
    0.9198113083839417,
    0.9135220050811768,
    0.9213836193084717,
    0.9229559898376465,
    0.9150943160057068,
    0.9150943160057068,
    0.9213836193084717
  ],