{
  "accuracy": [
    0.162227600812912,
    0.2239709496498108,
    0.2590799033641815,
    0.2760290503501892,
    0.2953995168209076,
    0.29903146624565125,
    0.337772399187088,
    0.34624698758125305,
    0.3958837687969208,
    0.41041162610054016,
    0.3861985504627228,
    0.43704599142074585,
    0.4334140419960022,
    0.48910412192344666,
    0.5024213194847107,
    0.4661017060279846,
    0.5133171677589417,
    0.5508474707603455,
    0.5169491767883301,
    0.5508474707603455,
    0.5677965879440308,
    0.5871670842170715,
    0.5677965879440308,
    0.5665859580039978,
    0.5883777141571045,
    0.5786924958229065,
    0.5895884037017822,
    0.6053268909454346,
    0.6210653781890869,
    0.5944309830665588,
    0.6210653781890869,
    0.6464890837669373,
    0.6501210927963257,
    0.658595621585846,
    0.638014554977417,
    0.6549636721611023,
    0.6610169410705566,
    0.6549636721611023,
    0.6416465044021606,
    0.676755428314209,
    0.6961259245872498,
    0.6815980672836304,
    0.6828086972236633,
    0.7033898234367371,
    0.6912832856178284,
    0.6888619661331177,
    0.7058111429214478,
    0.7009685039520264,
    0.685230016708374,
    0.7203390002250671,
    0.7324455380439758,
    0.7469733953475952,
    0.7167070508003235,
    0.7130750417709351,
    0.7154963612556458,
    0.7324455380439758,
    0.7251815795898438,
    0.7130750417709351,
    0.7191283106803894,
    0.7118644118309021,
    0.7481840252876282,
    0.7336561679840088,
    0.7651331424713135,
    0.7518159747123718,
    0.7651331424713135,
    0.7506053447723389,
    0.7421307563781738,
    0.7711864113807678,
    0.7639225125312805,
    0.7445520758628845,
    0.7723971009254456,
    0.7760290503501892,
    0.7675544619560242,
    0.7493946552276611,
    0.7639225125312805,
    0.7639225125312805,
    0.7881355881690979,
    0.7711864113807678,
    0.7566586136817932,
    0.7808716893196106,
    0.7615011930465698,
    0.7530266046524048,
    0.7687651515007019,
    0.7808716893196106,
    0.7881355881690979,
    0.7796609997749329,
    0.7711864113807678,
    0.7723971009254456,
    0.7663438320159912,
    0.7699757814407349,
    0.7748184204101562,
    0.7917675375938416,
    0.7905569076538086,
    0.7869249582290649,
    0.7881355881690979,
    0.7784503698348999,
    0.8038740754127502,
    0.7760290503501892,
    0.7845036387443542,
    0.7966101765632629
  ],
  "loss": [
    1.9494012594223022,
    1.8994598388671875,
    1.860189437866211,
    1.8254787921905518,
    1.7783855199813843,
    1.7152997255325317,
    1.6628150939941406,
    1.6028010845184326,
    1.5403681993484497,
    1.4918022155761719,
    1.4584629535675049,
    1.411168098449707,
    1.3531138896942139,
    1.2712990045547485,
    1.2247486114501953,
    1.2198946475982666,
    1.148244857788086,
    1.1161916255950928,
    1.1135594844818115,
    1.083054542541504,
    1.0481376647949219,
    1.0004273653030396,
    1.0177536010742188,
    1.0045440196990967,
    0.9526774287223816,
    0.957497239112854,
    0.9727512001991272,
    0.9300671815872192,
    0.9139306545257568,
    0.9223716855049133,
    0.9094768166542053,
    0.8855543732643127,
    0.859851598739624,
    0.8459159135818481,
    0.8403261303901672,
    0.8224661946296692,
    0.8129125237464905,
    0.8180691003799438,
    0.8056889176368713,
    0.7901753783226013,
    0.7677874565124512,
    0.7854977250099182,
    0.7805944085121155,
    0.7612233757972717,
    0.7484001517295837,
    0.7390883564949036,
    0.7009517550468445,
    0.7107657194137573,
    0.7149368524551392,
    0.7157325744628906,
    0.6764618158340454,
    0.6686497926712036,
    0.7064988017082214,
    0.7020303606987,
    0.6952886581420898,
    0.6878687739372253,
    0.6769741177558899,
    0.6654755473136902,
    0.6981003284454346,
    0.6718108057975769,
    0.625343382358551,
    0.6594875454902649,
    0.6234570741653442,
    0.63226318359375,
    0.6380987763404846,
    0.6357049942016602,
    0.6579447984695435,
    0.6191585063934326,
    0.5936272144317627,
    0.62166428565979,
    0.5931839346885681,
    0.6053051352500916,
    0.5850263833999634,
    0.5971658825874329,
    0.5993826389312744,
    0.6203533411026001,
    0.5807212591171265,
    0.5706092119216919,
    0.5758729577064514,
    0.5696018934249878,
    0.5955238342285156,
    0.5762443542480469,
    0.5994495749473572,
    0.5519482493400574,
    0.5586435794830322,
    0.6035701036453247,
    0.6048696041107178,
    0.5703216195106506,
    0.5650181770324707,
    0.5710492730140686,
    0.5611526370048523,
    0.535891592502594,
    0.526446521282196,
    0.5611182451248169,
    0.5606679320335388,
    0.5335800051689148,
    0.5169790983200073,
    0.5534912347793579,
    0.5577641725540161,
    0.5349506139755249
  ],
  "val_accuracy": [
    0.31603774428367615,
    0.3663522005081177,
    0.37264150381088257,
    0.3946540951728821,
    0.41194969415664673,
    0.42767295241355896,
    0.4921383559703827,
    0.5110062956809998,
    0.5220125913619995,
    0.5566037893295288,
    0.5927672982215881,
    0.6037735939025879,
    0.6399371027946472,
    0.7311320900917053,
    0.7751572132110596,
    0.7405660152435303,
    0.7625786066055298,
    0.74842768907547,
    0.7531446814537048,
    0.7594339847564697,
    0.7830188870429993,
    0.7877358198165894,
    0.8003144860267639,
    0.7814465165138245,
    0.7657232880592346,
    0.7987421154975891,
    0.795597493648529,
    0.7893081903457642,
    0.8003144860267639,
    0.8097484111785889,
    0.8113207817077637,
    0.7971698045730591,
    0.805031418800354,
    0.8097484111785889,
    0.8254716992378235,
    0.8176100850105286,
    0.8238993883132935,
    0.8254716992378235,
    0.8113207817077637,
    0.8144654035568237,
    0.8207547068595886,
    0.8411949872970581,
    0.8270440101623535,
    0.8506289124488831,
    0.8380503058433533,
    0.8411949872970581,
    0.8537735939025879,
    0.8600628972053528,
    0.8663522005081177,
    0.856918215751648,
    0.8647798895835876,
    0.8663522005081177,
    0.8522012829780579,
    0.8647798895835876,
    0.8506289124488831,
    0.8632075190544128,
    0.8710691928863525,
    0.8726415038108826,
    0.8710691928863525,
    0.8757861852645874,
    0.8663522005081177,
    0.8663522005081177,
    0.8789308071136475,
    0.8742138147354126,
    0.8726415038108826,
    0.8773584961891174,
    0.8883647918701172,
    0.8773584961891174,
    0.8789308071136475,
    0.8915094137191772,
    0.893081784248352,
    0.8694968819618225,
    0.8773584961891174,
    0.8757861852645874,
    0.8820754885673523,
    0.8757861852645874,
    0.8852201104164124,
    0.8946540951728821,
    0.8946540951728821,
    0.8899371027946472,
    0.8852201104164124,
    0.893081784248352,
    0.8820754885673523,
    0.8867924809455872,
    0.8805031180381775,
    0.8867924809455872,
    0.8867924809455872,
    0.8789308071136475,
    0.893081784248352,
    0.8946540951728821,
    0.8883647918701172,
    0.8836477994918823,
    0.8852201104164124,
    0.8805031180381775,
    0.900943398475647,
    0.8946540951728821,
    0.8946540951728821,
    0.8977987170219421,
    0.900943398475647,
    0.893081784248352
  ],