{
  "rows": 1462,
  "classes": 7,
  "accuracy": 0.9028727770177839,
  "precision": 0.9146363049695813,
  "recall": 0.9028727770177839,
  "f1": 0.9002485686889424,
  "precision_macro": 0.9099527004119785,
  "recall_macro": 0.9009682470035945,
  "f1_macro": 0.896359274414304
}