{
  "rows": 1462,
  "classes": 7,
  "accuracy": 0.9487004103967168,
  "precision": 0.9516939381854302,
  "recall": 0.9487004103967168,
  "f1": 0.9487283209805899,
  "precision_macro": 0.9495897536633777,
  "recall_macro": 0.9486917312541244,
  "f1_macro": 0.9476274976698099
}