{
  "rows": 1462,
  "classes": 7,
  "accuracy": 0.9261285909712722,
  "precision": 0.9315678605585154,
  "recall": 0.9261285909712722,
  "f1": 0.9252951871024215,
  "precision_macro": 0.9284641266457276,
  "recall_macro": 0.925343415874687,
  "f1_macro": 0.9231322004486946
}